epoch,time,train/box_loss,train/cls_loss,train/dfl_loss,metrics/precision(B),metrics/recall(B),metrics/mAP50(B),metrics/mAP50-95(B),val/box_loss,val/cls_loss,val/dfl_loss,lr/pg0,lr/pg1,lr/pg2
1,6.74439,2.08404,3.60153,0.97842,0,0,0,0,1.91201,3.61354,0.90533,0,0,0
2,7.41435,2.37043,3.58879,1.00067,0,0,0,0,1.90637,3.61199,0.90498,1.99604e-05,1.99604e-05,1.99604e-05
3,7.89261,2.21236,3.5655,0.95747,0,0,0,0,1.90064,3.60983,0.90345,3.98416e-05,3.98416e-05,3.98416e-05
4,8.31842,2.75364,3.67239,0.99476,0,0,0,0,1.88858,3.60631,0.90278,5.96436e-05,5.96436e-05,5.96436e-05
5,8.72708,2.20244,3.5643,0.9471,0,0,0,0,1.88714,3.6068,0.90178,7.93664e-05,7.93664e-05,7.93664e-05
6,9.54121,2.38024,3.62359,0.99951,0.03111,0.06635,0.01693,0.00724,1.80594,3.51755,0.85217,9.901e-05,9.901e-05,9.901e-05
7,10.1374,2.42034,3.47186,1.04182,0.06889,0.14692,0.04131,0.01638,1.90718,3.49688,0.83819,0.000118574,0.000118574,0.000118574
8,10.6893,1.85432,3.40796,0.89993,0.07889,0.16825,0.0487,0.0167,2.03469,3.49296,0.84444,0.00013806,0.00013806,0.00013806
9,11.2438,2.33832,3.27708,0.93651,0.02889,0.06161,0.01567,0.00582,2.12424,3.53698,0.84826,0.000157466,0.000157466,0.000157466
10,11.7702,2.36984,3.16754,0.92509,0.02889,0.06161,0.01566,0.00497,2.22565,3.5469,0.85405,0.000176792,0.000176792,0.000176792
11,12.5531,2.22965,3.02982,0.88414,0.07222,0.15403,0.04382,0.01364,2.15862,3.50531,0.85039,0.00019604,0.00019604,0.00019604
12,13.143,2.28663,2.9886,0.90027,0.09444,0.20142,0.06039,0.0221,2.0939,3.45942,0.84994,0.000215208,0.000215208,0.000215208
13,13.7862,2.3657,2.93826,0.90332,0.09889,0.2109,0.06353,0.02192,2.14694,3.46192,0.8534,0.000234298,0.000234298,0.000234298
14,14.3865,2.1508,2.76936,0.87268,0.10111,0.21564,0.06533,0.02175,2.13695,3.46227,0.85155,0.000253308,0.000253308,0.000253308
15,15.0828,2.2954,2.78826,0.88254,0.11667,0.24882,0.07737,0.02505,2.12501,3.4628,0.8483,0.000272238,0.000272238,0.000272238
16,15.8422,2.28676,2.62785,0.86141,0.13222,0.28199,0.09169,0.03115,2.04667,3.45324,0.84306,0.00029109,0.00029109,0.00029109
17,16.76,2.34764,2.56751,0.87393,0.15444,0.32938,0.11144,0.04195,1.8663,3.43578,0.82977,0.000309862,0.000309862,0.000309862
18,17.3648,2.08817,2.5013,0.86708,0.15444,0.32938,0.11144,0.04195,1.8663,3.43578,0.82977,0.000328556,0.000328556,0.000328556
19,17.9753,2.6371,2.60237,0.86796,0.14778,0.31517,0.10366,0.03643,1.78265,3.43161,0.82357,0.00034717,0.00034717,0.00034717
20,18.6907,2.59895,2.57385,0.89096,0.14778,0.31517,0.10366,0.03643,1.78265,3.43161,0.82357,0.000365704,0.000365704,0.000365704
21,19.3774,2.44921,2.57378,0.88044,0.16222,0.34597,0.11632,0.04298,1.75164,3.4104,0.82487,0.00038416,0.00038416,0.00038416
22,19.9445,2.2342,2.19381,0.85869,0.16222,0.34597,0.11632,0.04298,1.75164,3.4104,0.82487,0.000402536,0.000402536,0.000402536
23,20.6498,2.29279,2.14691,0.84749,0.14333,0.30569,0.09823,0.03321,1.78752,3.41715,0.8286,0.000420834,0.000420834,0.000420834
24,21.2694,2.30292,2.19822,0.86161,0.14333,0.30569,0.09823,0.03321,1.78752,3.41715,0.8286,0.000439052,0.000439052,0.000439052
25,22.0173,2.18183,2.24597,0.86005,0.12667,0.27014,0.083,0.02542,1.93039,3.39944,0.83787,0.00045719,0.00045719,0.00045719
26,22.8733,2.26762,2.01841,0.8666,0.12667,0.27014,0.083,0.02542,1.93039,3.39944,0.83787,0.00047525,0.00047525,0.00047525
27,23.5851,2.29084,2.14981,0.88097,0.11667,0.24882,0.07418,0.02616,2.20951,3.33929,0.859,0.00049323,0.00049323,0.00049323
28,24.5187,2.27265,1.93659,0.89638,0.11667,0.24882,0.07418,0.02616,2.20951,3.33929,0.859,0.000511132,0.000511132,0.000511132
29,25.8374,2.86397,2.21447,0.92785,0.1,0.21327,0.06174,0.02289,2.185,3.31186,0.85957,0.000528954,0.000528954,0.000528954
30,26.6141,2.6568,2.00007,0.8929,0.1,0.21327,0.06174,0.02289,2.185,3.31186,0.85957,0.000546696,0.000546696,0.000546696
31,27.5704,2.57112,1.93117,0.88567,0.09667,0.20616,0.05845,0.01987,1.95293,3.31083,0.84242,0.00056436,0.00056436,0.00056436
32,28.4061,2.18691,1.87013,0.86022,0.09667,0.20616,0.05845,0.01987,1.95293,3.31083,0.84242,0.000581944,0.000581944,0.000581944
33,29.3071,2.30711,1.79606,0.87741,0.04778,0.1019,0.02641,0.00928,1.88644,3.29706,0.83429,0.00059945,0.00059945,0.00059945
34,30.1377,2.25564,1.61343,0.87092,0.04778,0.1019,0.02641,0.00928,1.88644,3.29706,0.83429,0.000616876,0.000616876,0.000616876
35,31.036,2.17269,1.64385,0.87057,0.02444,0.05213,0.01288,0.00642,2.12993,3.24389,0.856,0.000634222,0.000634222,0.000634222
36,32.0574,2.36151,1.6336,0.87079,0.02444,0.05213,0.01288,0.00642,2.12993,3.24389,0.856,0.00065149,0.00065149,0.00065149
37,33.0248,2.11791,1.50131,0.84888,0.01444,0.03081,0.00745,0.00416,2.19686,3.20476,0.86774,0.000668678,0.000668678,0.000668678
38,33.7622,2.42762,1.49801,0.8584,0.01444,0.03081,0.00745,0.00416,2.19686,3.20476,0.86774,0.000685788,0.000685788,0.000685788
39,34.7338,2.42745,1.58461,0.91042,0.02,0.04265,0.01043,0.00558,1.92082,3.18806,0.84005,0.000702818,0.000702818,0.000702818
40,35.4943,2.51913,1.52589,0.84549,0.02,0.04265,0.01043,0.00558,1.92082,3.18806,0.84005,0.000719768,0.000719768,0.000719768
41,36.4051,2.18312,1.343,0.84633,0.06667,0.14218,0.03842,0.01591,1.69356,3.15991,0.82157,0.00073664,0.00073664,0.00073664
42,37.3107,2.39123,1.35901,0.88295,0.06667,0.14218,0.03842,0.01591,1.69356,3.15991,0.82157,0.000753432,0.000753432,0.000753432
43,38.2832,2.46786,1.42169,0.89339,0.09,0.19194,0.05396,0.02214,1.75321,3.11843,0.82735,0.000770146,0.000770146,0.000770146
44,39.4506,2.50451,1.3762,0.89937,0.09,0.19194,0.05396,0.02214,1.75321,3.11843,0.82735,0.00078678,0.00078678,0.00078678
45,40.646,2.05,1.15157,0.87553,0.08556,0.18246,0.05062,0.01697,1.95099,3.08793,0.84566,0.000803334,0.000803334,0.000803334
46,41.5143,2.35443,1.27512,0.86384,0.08556,0.18246,0.05062,0.01697,1.95099,3.08793,0.84566,0.00081981,0.00081981,0.00081981
47,42.375,2.24478,1.27899,0.87765,0.10667,0.22749,0.06615,0.02148,1.84611,3.02124,0.83981,0.000836206,0.000836206,0.000836206
48,42.9945,2.23696,1.24254,0.87109,0.10667,0.22749,0.06615,0.02148,1.84611,3.02124,0.83981,0.000852524,0.000852524,0.000852524
49,43.8347,2.16532,1.24199,0.84373,0.13889,0.29621,0.09952,0.03882,1.75162,2.94456,0.83397,0.000868762,0.000868762,0.000868762
50,44.7157,2.21174,1.1708,0.84926,0.13889,0.29621,0.09952,0.03882,1.75162,2.94456,0.83397,0.00088492,0.00088492,0.00088492
51,45.4727,2.16829,1.13992,0.85197,0.21111,0.45024,0.17673,0.08071,1.80802,2.8724,0.834,0.000901,0.000901,0.000901
52,46.1425,2.71064,1.32289,0.89889,0.21111,0.45024,0.17673,0.08071,1.80802,2.8724,0.834,0.000917,0.000917,0.000917
53,46.9591,2.34788,1.1631,0.89117,0.21111,0.45024,0.17673,0.08071,1.80802,2.8724,0.834,0.000932922,0.000932922,0.000932922
54,47.9138,2.25622,1.17772,0.86796,0.23778,0.50711,0.20726,0.10487,1.73285,2.78997,0.82705,0.000948764,0.000948764,0.000948764
55,48.6155,2.06709,1.16594,0.85545,0.23778,0.50711,0.20726,0.10487,1.73285,2.78997,0.82705,0.000964526,0.000964526,0.000964526
56,49.1453,2.23415,1.26959,0.8772,0.23778,0.50711,0.20726,0.10487,1.73285,2.78997,0.82705,0.00098021,0.00098021,0.00098021
57,49.6963,2.17729,1.18129,0.88365,0.21111,0.45024,0.17229,0.08257,1.89308,2.69744,0.84253,0.000995814,0.000995814,0.000995814
58,50.2845,2.30125,1.16433,0.8883,0.21111,0.45024,0.17229,0.08257,1.89308,2.69744,0.84253,0.00101134,0.00101134,0.00101134
59,50.882,2.24499,1.11186,0.86245,0.21111,0.45024,0.17229,0.08257,1.89308,2.69744,0.84253,0.00102679,0.00102679,0.00102679
60,51.4453,2.13895,1.11862,0.87242,0.23556,0.50237,0.21073,0.08799,2.14994,2.60011,0.87117,0.00104215,0.00104215,0.00104215
61,51.9661,2.23585,1.21562,0.88232,0.23556,0.50237,0.21073,0.08799,2.14994,2.60011,0.87117,0.00105744,0.00105744,0.00105744
62,52.5168,2.49163,1.21161,0.85359,0.23556,0.50237,0.21073,0.08799,2.14994,2.60011,0.87117,0.00107265,0.00107265,0.00107265
63,53.2363,2.37472,1.19571,0.89758,0.25667,0.54739,0.25767,0.10444,2.18176,2.59831,0.86715,0.00108778,0.00108778,0.00108778
64,53.846,2.05329,1.23654,0.85761,0.25667,0.54739,0.25767,0.10444,2.18176,2.59831,0.86715,0.00110283,0.00110283,0.00110283
65,54.7825,2.45895,1.21713,0.85719,0.25667,0.54739,0.25767,0.10444,2.18176,2.59831,0.86715,0.0011178,0.0011178,0.0011178
66,55.4767,1.91151,1.09246,0.85086,0.24444,0.52133,0.24973,0.10757,2.00758,2.61322,0.85557,0.00113269,0.00113269,0.00113269
67,56.1413,2.04629,1.16076,0.84203,0.24444,0.52133,0.24973,0.10757,2.00758,2.61322,0.85557,0.0011475,0.0011475,0.0011475
68,56.8504,2.30123,1.13726,0.84586,0.24444,0.52133,0.24973,0.10757,2.00758,2.61322,0.85557,0.00116224,0.00116224,0.00116224
69,57.4893,2.46888,1.18017,0.91753,0.20333,0.43365,0.2172,0.09378,1.81625,2.6392,0.84854,0.00117689,0.00117689,0.00117689
70,58.072,2.28118,1.23463,0.86681,0.20333,0.43365,0.2172,0.09378,1.81625,2.6392,0.84854,0.00119146,0.00119146,0.00119146
71,58.7094,1.92903,1.0379,0.8653,0.20333,0.43365,0.2172,0.09378,1.81625,2.6392,0.84854,0.00120596,0.00120596,0.00120596
72,59.4263,1.93317,1.10268,0.85057,0.24,0.51185,0.30193,0.12415,1.92699,2.52454,0.84957,0.00122038,0.00122038,0.00122038
73,60.1605,2.28178,1.16665,0.87037,0.24,0.51185,0.30193,0.12415,1.92699,2.52454,0.84957,0.00123471,0.00123471,0.00123471
74,60.8143,2.21579,1.13235,0.86851,0.24,0.51185,0.30193,0.12415,1.92699,2.52454,0.84957,0.00124897,0.00124897,0.00124897
75,61.4805,2.19321,1.0919,0.87078,0.23556,0.50237,0.29419,0.10958,2.1147,2.43184,0.86276,0.00126315,0.00126315,0.00126315
76,62.1426,2.01283,1.04323,0.86548,0.23556,0.50237,0.29419,0.10958,2.1147,2.43184,0.86276,0.00127725,0.00127725,0.00127725
77,62.8782,2.12436,1.14409,0.90037,0.23556,0.50237,0.29419,0.10958,2.1147,2.43184,0.86276,0.00129127,0.00129127,0.00129127
78,63.5099,2.08165,1.08383,0.8671,0.30889,0.65877,0.46799,0.19362,2.01099,2.24278,0.85455,0.00130521,0.00130521,0.00130521
79,64.2606,2.16464,1.16707,0.88056,0.30889,0.65877,0.46799,0.19362,2.01099,2.24278,0.85455,0.00131907,0.00131907,0.00131907
80,64.814,1.98885,1.01516,0.84088,0.30889,0.65877,0.46799,0.19362,2.01099,2.24278,0.85455,0.00133286,0.00133286,0.00133286
81,65.3864,1.6432,0.96916,0.84562,0.33667,0.71801,0.58069,0.2233,2.1209,2.17078,0.86282,0.00134656,0.00134656,0.00134656
82,65.9504,2.16328,1.1247,0.86033,0.33667,0.71801,0.58069,0.2233,2.1209,2.17078,0.86282,0.00136018,0.00136018,0.00136018
83,66.5224,2.14786,1.11212,0.85358,0.33667,0.71801,0.58069,0.2233,2.1209,2.17078,0.86282,0.00137373,0.00137373,0.00137373
84,67.3432,2.29394,1.09507,0.85129,0.36111,0.77014,0.64194,0.28877,1.92162,2.07278,0.84601,0.0013872,0.0013872,0.0013872
85,67.9353,2.10673,1.08978,0.90001,0.36111,0.77014,0.64194,0.28877,1.92162,2.07278,0.84601,0.00140058,0.00140058,0.00140058
86,68.6289,2.06208,1.04333,0.84108,0.36111,0.77014,0.64194,0.28877,1.92162,2.07278,0.84601,0.00141389,0.00141389,0.00141389
87,69.2145,1.99794,1.04518,0.84994,0.36111,0.77014,0.64194,0.28877,1.92162,2.07278,0.84601,0.00142712,0.00142712,0.00142712
88,70.1062,2.1051,1.10216,0.8705,0.37556,0.80095,0.68717,0.33638,1.85195,1.92347,0.84029,0.00144027,0.00144027,0.00144027
89,70.6684,1.95062,1.00281,0.86024,0.37556,0.80095,0.68717,0.33638,1.85195,1.92347,0.84029,0.00145334,0.00145334,0.00145334
90,71.2609,2.11215,1.03817,0.82702,0.37556,0.80095,0.68717,0.33638,1.85195,1.92347,0.84029,0.00146633,0.00146633,0.00146633
91,71.8822,1.90711,0.98981,0.85312,0.37556,0.80095,0.68717,0.33638,1.85195,1.92347,0.84029,0.00147924,0.00147924,0.00147924
92,72.4714,1.95562,0.97753,0.85792,0.40222,0.85782,0.70496,0.32632,1.84141,1.70104,0.84164,0.00149207,0.00149207,0.00149207
93,73.0198,2.07114,1.06588,0.87765,0.40222,0.85782,0.70496,0.32632,1.84141,1.70104,0.84164,0.00150483,0.00150483,0.00150483
94,73.7001,2.09988,1.01976,0.85015,0.40222,0.85782,0.70496,0.32632,1.84141,1.70104,0.84164,0.0015175,0.0015175,0.0015175
95,74.2464,1.90988,0.95796,0.84128,0.40222,0.85782,0.70496,0.32632,1.84141,1.70104,0.84164,0.00153009,0.00153009,0.00153009
96,74.8783,2.34434,1.12237,0.88373,0.58712,0.8436,0.71467,0.31353,1.89888,1.55249,0.84702,0.00154261,0.00154261,0.00154261
97,75.4197,1.84748,1.03018,0.88476,0.58712,0.8436,0.71467,0.31353,1.89888,1.55249,0.84702,0.00155505,0.00155505,0.00155505
98,75.9582,1.94473,1.00927,0.84743,0.58712,0.8436,0.71467,0.31353,1.89888,1.55249,0.84702,0.0015674,0.0015674,0.0015674
99,76.7315,1.96452,1.02454,0.87456,0.58712,0.8436,0.71467,0.31353,1.89888,1.55249,0.84702,0.00157968,0.00157968,0.00157968
100,77.3548,2.17996,1.07089,0.84188,0.38667,0.82464,0.69465,0.34146,1.81435,1.6105,0.84334,0.00159188,0.00159188,0.00159188
101,77.9799,2.10834,1.05115,0.8483,0.38667,0.82464,0.69465,0.34146,1.81435,1.6105,0.84334,0.001604,0.001604,0.001604
102,78.5472,2.14738,1.11027,0.82537,0.38667,0.82464,0.69465,0.34146,1.81435,1.6105,0.84334,0.00160004,0.00160004,0.00160004
103,79.127,1.98483,1.02378,0.82869,0.38667,0.82464,0.69465,0.34146,1.81435,1.6105,0.84334,0.00159608,0.00159608,0.00159608
104,79.8237,1.87101,0.95416,0.83089,0.38444,0.81991,0.63423,0.31348,1.7843,1.63878,0.84097,0.00159212,0.00159212,0.00159212
105,80.3561,2.27743,1.08868,0.85144,0.38444,0.81991,0.63423,0.31348,1.7843,1.63878,0.84097,0.00158816,0.00158816,0.00158816
106,80.8836,2.01306,1.00299,0.8314,0.38444,0.81991,0.63423,0.31348,1.7843,1.63878,0.84097,0.0015842,0.0015842,0.0015842
107,81.5585,1.84459,0.94925,0.84772,0.38444,0.81991,0.63423,0.31348,1.7843,1.63878,0.84097,0.00158024,0.00158024,0.00158024
108,82.1862,2.18031,1.05795,0.84607,0.62209,0.84597,0.76584,0.39784,1.72632,1.43281,0.8344,0.00157628,0.00157628,0.00157628
109,82.7257,1.84286,1.05016,0.85115,0.62209,0.84597,0.76584,0.39784,1.72632,1.43281,0.8344,0.00157232,0.00157232,0.00157232
110,83.2715,1.92329,1.0108,0.84494,0.62209,0.84597,0.76584,0.39784,1.72632,1.43281,0.8344,0.00156836,0.00156836,0.00156836
111,83.8593,1.91276,0.98191,0.81594,0.62209,0.84597,0.76584,0.39784,1.72632,1.43281,0.8344,0.0015644,0.0015644,0.0015644
112,84.8688,1.96269,0.92252,0.83357,0.7596,0.78199,0.81755,0.39157,1.827,1.25895,0.83882,0.00156044,0.00156044,0.00156044
113,85.4624,1.74722,0.99199,0.87981,0.7596,0.78199,0.81755,0.39157,1.827,1.25895,0.83882,0.00155648,0.00155648,0.00155648
114,86.0174,2.00184,1.02814,0.84962,0.7596,0.78199,0.81755,0.39157,1.827,1.25895,0.83882,0.00155252,0.00155252,0.00155252
115,86.5651,1.93497,0.9676,0.85747,0.7596,0.78199,0.81755,0.39157,1.827,1.25895,0.83882,0.00154856,0.00154856,0.00154856
116,87.1362,2.15915,1.03112,0.87572,0.69273,0.79384,0.7864,0.3796,1.8215,1.20895,0.83789,0.0015446,0.0015446,0.0015446
117,87.7507,2.06862,1.01939,0.8548,0.69273,0.79384,0.7864,0.3796,1.8215,1.20895,0.83789,0.00154064,0.00154064,0.00154064
118,88.2987,2.18827,1.10185,0.85765,0.69273,0.79384,0.7864,0.3796,1.8215,1.20895,0.83789,0.00153668,0.00153668,0.00153668
119,88.8304,1.82837,0.93938,0.83753,0.69273,0.79384,0.7864,0.3796,1.8215,1.20895,0.83789,0.00153272,0.00153272,0.00153272
120,89.4105,1.70312,0.89874,0.84514,0.71339,0.78436,0.79334,0.39796,1.77486,1.14532,0.84185,0.00152876,0.00152876,0.00152876
121,89.9244,1.90034,0.98337,0.84702,0.71339,0.78436,0.79334,0.39796,1.77486,1.14532,0.84185,0.0015248,0.0015248,0.0015248
122,90.7153,1.96187,0.96215,0.85794,0.71339,0.78436,0.79334,0.39796,1.77486,1.14532,0.84185,0.00152084,0.00152084,0.00152084
123,91.2797,2.16957,1.05371,0.83427,0.71339,0.78436,0.79334,0.39796,1.77486,1.14532,0.84185,0.00151688,0.00151688,0.00151688
124,92.0188,2.10866,1.0437,0.87291,0.73747,0.82464,0.82844,0.44274,1.67063,1.10031,0.83253,0.00151292,0.00151292,0.00151292
125,92.62,1.88869,0.94155,0.80867,0.73747,0.82464,0.82844,0.44274,1.67063,1.10031,0.83253,0.00150896,0.00150896,0.00150896
126,93.3309,2.05807,1.01206,0.82395,0.73747,0.82464,0.82844,0.44274,1.67063,1.10031,0.83253,0.001505,0.001505,0.001505
127,93.9132,2.19968,1.08703,0.9004,0.73747,0.82464,0.82844,0.44274,1.67063,1.10031,0.83253,0.00150104,0.00150104,0.00150104
128,94.5898,1.8532,0.91298,0.836,0.77973,0.80806,0.8372,0.42709,1.73103,1.02991,0.83494,0.00149708,0.00149708,0.00149708
129,95.2093,1.89591,0.91858,0.83656,0.77973,0.80806,0.8372,0.42709,1.73103,1.02991,0.83494,0.00149312,0.00149312,0.00149312
130,95.7611,1.7502,0.9642,0.84373,0.77973,0.80806,0.8372,0.42709,1.73103,1.02991,0.83494,0.00148916,0.00148916,0.00148916
131,96.4148,1.95453,0.93846,0.82689,0.77973,0.80806,0.8372,0.42709,1.73103,1.02991,0.83494,0.0014852,0.0014852,0.0014852
132,97.119,1.93576,1.07007,0.84047,0.77844,0.8128,0.85482,0.415,1.77582,1.00442,0.83495,0.00148124,0.00148124,0.00148124
133,97.6953,1.96914,1.04882,0.88061,0.77844,0.8128,0.85482,0.415,1.77582,1.00442,0.83495,0.00147728,0.00147728,0.00147728
134,98.2671,2.02492,1.01745,0.83721,0.77844,0.8128,0.85482,0.415,1.77582,1.00442,0.83495,0.00147332,0.00147332,0.00147332
135,99.0109,1.83277,0.91022,0.81678,0.77844,0.8128,0.85482,0.415,1.77582,1.00442,0.83495,0.00146936,0.00146936,0.00146936
136,100.148,2.0449,0.99593,0.81277,0.79244,0.71474,0.82639,0.40242,1.76983,1.03027,0.83855,0.0014654,0.0014654,0.0014654
137,101.195,2.06264,0.96701,0.82003,0.79244,0.71474,0.82639,0.40242,1.76983,1.03027,0.83855,0.00146144,0.00146144,0.00146144
138,101.903,1.94939,0.96046,0.83582,0.79244,0.71474,0.82639,0.40242,1.76983,1.03027,0.83855,0.00145748,0.00145748,0.00145748
139,102.546,1.93068,0.97988,0.8502,0.79244,0.71474,0.82639,0.40242,1.76983,1.03027,0.83855,0.00145352,0.00145352,0.00145352
140,103.595,2.12309,1.04875,0.81659,0.70833,0.74882,0.80996,0.42019,1.68173,1.05339,0.83488,0.00144956,0.00144956,0.00144956
141,104.297,2.05661,1.01264,0.82819,0.70833,0.74882,0.80996,0.42019,1.68173,1.05339,0.83488,0.0014456,0.0014456,0.0014456
142,104.959,1.77005,0.92208,0.84021,0.70833,0.74882,0.80996,0.42019,1.68173,1.05339,0.83488,0.00144164,0.00144164,0.00144164
143,105.758,1.97267,0.92842,0.8318,0.70833,0.74882,0.80996,0.42019,1.68173,1.05339,0.83488,0.00143768,0.00143768,0.00143768
144,106.519,1.93502,1.00324,0.85038,0.74624,0.78049,0.82617,0.42609,1.69285,0.98209,0.83358,0.00143372,0.00143372,0.00143372
145,107.127,1.93124,0.98866,0.82277,0.74624,0.78049,0.82617,0.42609,1.69285,0.98209,0.83358,0.00142976,0.00142976,0.00142976
146,108.108,2.0713,1.06809,0.84737,0.74624,0.78049,0.82617,0.42609,1.69285,0.98209,0.83358,0.0014258,0.0014258,0.0014258
147,108.898,1.869,0.96316,0.8403,0.74624,0.78049,0.82617,0.42609,1.69285,0.98209,0.83358,0.00142184,0.00142184,0.00142184
148,109.627,2.00782,1.013,0.8299,0.76147,0.8128,0.85609,0.40698,1.76763,0.91064,0.83649,0.00141788,0.00141788,0.00141788
149,110.302,1.8714,0.9601,0.83601,0.76147,0.8128,0.85609,0.40698,1.76763,0.91064,0.83649,0.00141392,0.00141392,0.00141392
150,111.173,2.07331,1.04932,0.86145,0.76147,0.8128,0.85609,0.40698,1.76763,0.91064,0.83649,0.00140996,0.00140996,0.00140996
151,111.824,1.81018,0.9209,0.82653,0.76147,0.8128,0.85609,0.40698,1.76763,0.91064,0.83649,0.001406,0.001406,0.001406
152,112.58,1.88498,0.94077,0.85964,0.74468,0.80863,0.82574,0.37333,1.86297,0.95937,0.8439,0.00140204,0.00140204,0.00140204
153,113.224,1.77647,0.90351,0.81983,0.74468,0.80863,0.82574,0.37333,1.86297,0.95937,0.8439,0.00139808,0.00139808,0.00139808
154,113.92,2.02043,0.9934,0.82979,0.74468,0.80863,0.82574,0.37333,1.86297,0.95937,0.8439,0.00139412,0.00139412,0.00139412
155,115.275,2.02776,1.02631,0.83179,0.74468,0.80863,0.82574,0.37333,1.86297,0.95937,0.8439,0.00139016,0.00139016,0.00139016
156,116.143,2.06484,1.03231,0.85794,0.62172,0.85681,0.76497,0.33502,1.97686,1.00693,0.86001,0.0013862,0.0013862,0.0013862
157,116.819,1.74512,0.9128,0.83544,0.62172,0.85681,0.76497,0.33502,1.97686,1.00693,0.86001,0.00138224,0.00138224,0.00138224
158,117.513,1.98543,1.02465,0.8618,0.62172,0.85681,0.76497,0.33502,1.97686,1.00693,0.86001,0.00137828,0.00137828,0.00137828
159,118.454,1.81134,0.91567,0.85145,0.62172,0.85681,0.76497,0.33502,1.97686,1.00693,0.86001,0.00137432,0.00137432,0.00137432
160,119.245,2.07094,0.95891,0.84107,0.73617,0.80668,0.81652,0.40208,1.81686,0.87862,0.84309,0.00137036,0.00137036,0.00137036
161,120.262,2.21287,1.05521,0.83867,0.73617,0.80668,0.81652,0.40208,1.81686,0.87862,0.84309,0.0013664,0.0013664,0.0013664
162,120.968,1.76509,0.90969,0.8199,0.73617,0.80668,0.81652,0.40208,1.81686,0.87862,0.84309,0.00136244,0.00136244,0.00136244
163,121.643,2.05982,1.05189,0.83809,0.73617,0.80668,0.81652,0.40208,1.81686,0.87862,0.84309,0.00135848,0.00135848,0.00135848
164,122.401,1.85013,0.99454,0.83783,0.79356,0.8107,0.85347,0.45471,1.68325,0.85647,0.83525,0.00135452,0.00135452,0.00135452
165,122.942,1.80607,0.90513,0.86931,0.79356,0.8107,0.85347,0.45471,1.68325,0.85647,0.83525,0.00135056,0.00135056,0.00135056
166,123.498,1.92821,0.90174,0.83555,0.79356,0.8107,0.85347,0.45471,1.68325,0.85647,0.83525,0.0013466,0.0013466,0.0013466
167,124.03,1.9398,0.96091,0.8283,0.79356,0.8107,0.85347,0.45471,1.68325,0.85647,0.83525,0.00134264,0.00134264,0.00134264
168,124.589,2.00734,0.93216,0.83075,0.79962,0.81754,0.84571,0.453,1.67433,0.8555,0.83806,0.00133868,0.00133868,0.00133868
169,125.203,2.02917,1.02614,0.87061,0.79962,0.81754,0.84571,0.453,1.67433,0.8555,0.83806,0.00133472,0.00133472,0.00133472
170,125.856,1.94161,0.91277,0.84218,0.79962,0.81754,0.84571,0.453,1.67433,0.8555,0.83806,0.00133076,0.00133076,0.00133076
171,126.474,2.3549,1.11027,0.82988,0.79962,0.81754,0.84571,0.453,1.67433,0.8555,0.83806,0.0013268,0.0013268,0.0013268
172,127.057,2.10048,0.98585,0.88362,0.75585,0.82938,0.82581,0.41315,1.77626,0.88463,0.84702,0.00132284,0.00132284,0.00132284
173,127.654,2.05677,1.00081,0.84715,0.75585,0.82938,0.82581,0.41315,1.77626,0.88463,0.84702,0.00131888,0.00131888,0.00131888
174,128.187,2.00259,0.98647,0.87308,0.75585,0.82938,0.82581,0.41315,1.77626,0.88463,0.84702,0.00131492,0.00131492,0.00131492
175,128.774,1.80527,0.90211,0.86089,0.75585,0.82938,0.82581,0.41315,1.77626,0.88463,0.84702,0.00131096,0.00131096,0.00131096
176,129.453,1.89527,0.94766,0.81372,0.77382,0.81885,0.83309,0.39002,1.89894,0.89172,0.84885,0.001307,0.001307,0.001307
177,130.172,2.01641,0.95897,0.84207,0.77382,0.81885,0.83309,0.39002,1.89894,0.89172,0.84885,0.00130304,0.00130304,0.00130304
178,130.772,1.73748,0.90599,0.84193,0.77382,0.81885,0.83309,0.39002,1.89894,0.89172,0.84885,0.00129908,0.00129908,0.00129908
179,131.323,1.72066,0.85274,0.82284,0.77382,0.81885,0.83309,0.39002,1.89894,0.89172,0.84885,0.00129512,0.00129512,0.00129512
180,131.92,2.03545,0.89609,0.82074,0.78604,0.84123,0.86348,0.41731,1.78984,0.86348,0.83857,0.00129116,0.00129116,0.00129116
181,132.52,2.11179,0.9834,0.85042,0.78604,0.84123,0.86348,0.41731,1.78984,0.86348,0.83857,0.0012872,0.0012872,0.0012872
182,133.062,1.70549,0.88489,0.83958,0.78604,0.84123,0.86348,0.41731,1.78984,0.86348,0.83857,0.00128324,0.00128324,0.00128324
183,133.578,1.87358,0.90322,0.82765,0.78604,0.84123,0.86348,0.41731,1.78984,0.86348,0.83857,0.00127928,0.00127928,0.00127928
184,134.185,1.97467,0.93865,0.82733,0.80451,0.85818,0.87731,0.47052,1.6303,0.8389,0.8323,0.00127532,0.00127532,0.00127532
185,134.961,1.94116,0.92017,0.82452,0.80451,0.85818,0.87731,0.47052,1.6303,0.8389,0.8323,0.00127136,0.00127136,0.00127136
186,135.579,1.93171,0.92984,0.80822,0.80451,0.85818,0.87731,0.47052,1.6303,0.8389,0.8323,0.0012674,0.0012674,0.0012674
187,136.123,1.85748,0.90911,0.84119,0.80451,0.85818,0.87731,0.47052,1.6303,0.8389,0.8323,0.00126344,0.00126344,0.00126344
188,136.696,1.80584,1.02175,0.86588,0.79754,0.85071,0.86873,0.47764,1.59265,0.83155,0.83295,0.00125948,0.00125948,0.00125948
189,137.247,1.86492,0.91597,0.83405,0.79754,0.85071,0.86873,0.47764,1.59265,0.83155,0.83295,0.00125552,0.00125552,0.00125552
190,137.928,1.97779,0.97682,0.82076,0.79754,0.85071,0.86873,0.47764,1.59265,0.83155,0.83295,0.00125156,0.00125156,0.00125156
191,138.459,1.92631,0.92093,0.8164,0.79754,0.85071,0.86873,0.47764,1.59265,0.83155,0.83295,0.0012476,0.0012476,0.0012476
192,139.008,1.7755,0.87883,0.82067,0.7659,0.8128,0.83873,0.44652,1.68496,0.87776,0.83999,0.00124364,0.00124364,0.00124364
193,139.561,1.91819,0.92053,0.85122,0.7659,0.8128,0.83873,0.44652,1.68496,0.87776,0.83999,0.00123968,0.00123968,0.00123968
194,140.104,1.91985,0.91309,0.84021,0.7659,0.8128,0.83873,0.44652,1.68496,0.87776,0.83999,0.00123572,0.00123572,0.00123572
195,140.72,1.75495,0.91088,0.83617,0.7659,0.8128,0.83873,0.44652,1.68496,0.87776,0.83999,0.00123176,0.00123176,0.00123176
196,141.301,1.86532,0.88509,0.8112,0.74434,0.78199,0.80925,0.41026,1.79881,0.91534,0.84732,0.0012278,0.0012278,0.0012278
197,141.858,1.98683,1.00562,0.85698,0.74434,0.78199,0.80925,0.41026,1.79881,0.91534,0.84732,0.00122384,0.00122384,0.00122384
198,142.43,1.72398,0.9,0.8699,0.74434,0.78199,0.80925,0.41026,1.79881,0.91534,0.84732,0.00121988,0.00121988,0.00121988
199,142.988,1.92419,0.8805,0.80717,0.74434,0.78199,0.80925,0.41026,1.79881,0.91534,0.84732,0.00121592,0.00121592,0.00121592
200,143.789,2.10339,1.00753,0.85885,0.77218,0.72749,0.79686,0.39283,1.79267,0.91033,0.84995,0.00121196,0.00121196,0.00121196
201,144.583,1.81042,0.88577,0.81751,0.77218,0.72749,0.79686,0.39283,1.79267,0.91033,0.84995,0.001208,0.001208,0.001208
202,145.187,1.85729,0.90851,0.84808,0.77218,0.72749,0.79686,0.39283,1.79267,0.91033,0.84995,0.00120404,0.00120404,0.00120404
203,145.97,2.0793,0.99938,0.87349,0.77218,0.72749,0.79686,0.39283,1.79267,0.91033,0.84995,0.00120008,0.00120008,0.00120008
204,146.576,2.07632,0.99323,0.83751,0.79404,0.74912,0.82358,0.41436,1.77777,0.87938,0.84784,0.00119612,0.00119612,0.00119612
205,147.106,1.80963,0.88696,0.8527,0.79404,0.74912,0.82358,0.41436,1.77777,0.87938,0.84784,0.00119216,0.00119216,0.00119216
206,147.659,1.62304,0.83565,0.8617,0.79404,0.74912,0.82358,0.41436,1.77777,0.87938,0.84784,0.0011882,0.0011882,0.0011882
207,148.245,1.69566,0.85095,0.82745,0.79404,0.74912,0.82358,0.41436,1.77777,0.87938,0.84784,0.00118424,0.00118424,0.00118424
208,148.866,1.73864,0.89156,0.83746,0.79496,0.76777,0.84377,0.422,1.78518,0.85302,0.8462,0.00118028,0.00118028,0.00118028
209,149.595,1.87027,0.88243,0.81422,0.79496,0.76777,0.84377,0.422,1.78518,0.85302,0.8462,0.00117632,0.00117632,0.00117632
210,150.198,1.92886,0.92104,0.82811,0.79496,0.76777,0.84377,0.422,1.78518,0.85302,0.8462,0.00117236,0.00117236,0.00117236
211,150.805,2.09882,0.95181,0.83624,0.79496,0.76777,0.84377,0.422,1.78518,0.85302,0.8462,0.0011684,0.0011684,0.0011684
212,151.399,2.04572,0.97644,0.83263,0.78088,0.7938,0.85289,0.45339,1.70208,0.83854,0.84117,0.00116444,0.00116444,0.00116444
213,151.951,2.12217,1.00323,0.88377,0.78088,0.7938,0.85289,0.45339,1.70208,0.83854,0.84117,0.00116048,0.00116048,0.00116048
214,152.718,2.02983,1.00561,0.85439,0.78088,0.7938,0.85289,0.45339,1.70208,0.83854,0.84117,0.00115652,0.00115652,0.00115652
215,153.339,2.06706,0.94515,0.84229,0.78088,0.7938,0.85289,0.45339,1.70208,0.83854,0.84117,0.00115256,0.00115256,0.00115256
216,154.063,2.16719,0.99751,0.80504,0.7315,0.79621,0.81918,0.42782,1.76743,0.85052,0.84372,0.0011486,0.0011486,0.0011486
217,154.626,1.67741,0.85627,0.85212,0.7315,0.79621,0.81918,0.42782,1.76743,0.85052,0.84372,0.00114464,0.00114464,0.00114464
218,155.226,1.9113,0.85797,0.82823,0.7315,0.79621,0.81918,0.42782,1.76743,0.85052,0.84372,0.00114068,0.00114068,0.00114068
219,155.788,1.74585,0.8759,0.84309,0.7315,0.79621,0.81918,0.42782,1.76743,0.85052,0.84372,0.00113672,0.00113672,0.00113672
220,156.388,1.78608,0.84246,0.82059,0.723,0.72984,0.7892,0.40253,1.81491,0.8654,0.8464,0.00113276,0.00113276,0.00113276
221,157.158,1.98329,0.88767,0.81009,0.723,0.72984,0.7892,0.40253,1.81491,0.8654,0.8464,0.0011288,0.0011288,0.0011288
222,157.761,2.4209,1.1031,0.84456,0.723,0.72984,0.7892,0.40253,1.81491,0.8654,0.8464,0.00112484,0.00112484,0.00112484
223,158.334,1.89331,0.93086,0.83627,0.723,0.72984,0.7892,0.40253,1.81491,0.8654,0.8464,0.00112088,0.00112088,0.00112088
224,159.063,2.01806,0.91718,0.80384,0.74783,0.75195,0.81439,0.43625,1.726,0.83572,0.8375,0.00111692,0.00111692,0.00111692
225,159.907,1.982,0.93511,0.83404,0.74783,0.75195,0.81439,0.43625,1.726,0.83572,0.8375,0.00111296,0.00111296,0.00111296
226,160.53,1.87483,0.96073,0.89628,0.74783,0.75195,0.81439,0.43625,1.726,0.83572,0.8375,0.001109,0.001109,0.001109
227,161.127,1.75184,0.83485,0.82443,0.74783,0.75195,0.81439,0.43625,1.726,0.83572,0.8375,0.00110504,0.00110504,0.00110504
228,161.904,1.71859,0.88432,0.81782,0.79022,0.81991,0.85995,0.47095,1.61353,0.78921,0.82807,0.00110108,0.00110108,0.00110108
229,162.506,1.8804,0.89288,0.81777,0.79022,0.81991,0.85995,0.47095,1.61353,0.78921,0.82807,0.00109712,0.00109712,0.00109712
230,163.226,2.11143,0.97948,0.80284,0.79022,0.81991,0.85995,0.47095,1.61353,0.78921,0.82807,0.00109316,0.00109316,0.00109316
231,163.782,2.00615,0.99227,0.87267,0.79022,0.81991,0.85995,0.47095,1.61353,0.78921,0.82807,0.0010892,0.0010892,0.0010892
232,164.359,1.78395,0.87668,0.82475,0.79561,0.83649,0.86988,0.49921,1.5314,0.76251,0.82596,0.00108524,0.00108524,0.00108524
233,164.93,1.71932,0.82522,0.8177,0.79561,0.83649,0.86988,0.49921,1.5314,0.76251,0.82596,0.00108128,0.00108128,0.00108128
234,165.601,1.87366,0.91378,0.83643,0.79561,0.83649,0.86988,0.49921,1.5314,0.76251,0.82596,0.00107732,0.00107732,0.00107732
235,166.275,1.9234,0.88585,0.83657,0.79561,0.83649,0.86988,0.49921,1.5314,0.76251,0.82596,0.00107336,0.00107336,0.00107336
236,166.883,1.90463,0.90405,0.83862,0.76604,0.81517,0.8531,0.4681,1.62014,0.78174,0.83298,0.0010694,0.0010694,0.0010694
237,167.464,1.7273,0.92253,0.83037,0.76604,0.81517,0.8531,0.4681,1.62014,0.78174,0.83298,0.00106544,0.00106544,0.00106544
238,168.022,1.95439,0.91929,0.81311,0.76604,0.81517,0.8531,0.4681,1.62014,0.78174,0.83298,0.00106148,0.00106148,0.00106148
239,168.643,1.83166,0.85779,0.82111,0.76604,0.81517,0.8531,0.4681,1.62014,0.78174,0.83298,0.00105752,0.00105752,0.00105752
240,169.233,1.77584,0.84475,0.84193,0.75638,0.80569,0.84574,0.43025,1.72731,0.80832,0.84129,0.00105356,0.00105356,0.00105356
241,169.751,1.80261,0.8462,0.82409,0.75638,0.80569,0.84574,0.43025,1.72731,0.80832,0.84129,0.0010496,0.0010496,0.0010496
242,170.317,2.01206,0.95202,0.84625,0.75638,0.80569,0.84574,0.43025,1.72731,0.80832,0.84129,0.00104564,0.00104564,0.00104564
243,170.887,1.84104,0.84734,0.83182,0.75638,0.80569,0.84574,0.43025,1.72731,0.80832,0.84129,0.00104168,0.00104168,0.00104168
244,171.679,1.78917,0.84031,0.81155,0.79484,0.77251,0.84426,0.44177,1.71065,0.82055,0.84076,0.00103772,0.00103772,0.00103772
245,172.284,1.98566,0.91712,0.83996,0.79484,0.77251,0.84426,0.44177,1.71065,0.82055,0.84076,0.00103376,0.00103376,0.00103376
246,172.842,1.9301,0.91109,0.82863,0.79484,0.77251,0.84426,0.44177,1.71065,0.82055,0.84076,0.0010298,0.0010298,0.0010298
247,173.406,1.53572,0.778,0.808,0.79484,0.77251,0.84426,0.44177,1.71065,0.82055,0.84076,0.00102584,0.00102584,0.00102584
248,174.008,1.7408,0.81357,0.80743,0.78666,0.82136,0.8766,0.4593,1.66239,0.78719,0.82862,0.00102188,0.00102188,0.00102188
249,174.962,1.85904,0.83407,0.82854,0.78666,0.82136,0.8766,0.4593,1.66239,0.78719,0.82862,0.00101792,0.00101792,0.00101792
250,175.614,1.8233,0.81729,0.8233,0.78666,0.82136,0.8766,0.4593,1.66239,0.78719,0.82862,0.00101396,0.00101396,0.00101396
251,176.217,1.80454,0.81365,0.82072,0.78666,0.82136,0.8766,0.4593,1.66239,0.78719,0.82862,0.00101,0.00101,0.00101
252,176.895,1.99463,0.89827,0.83712,0.79981,0.85205,0.88872,0.46215,1.65057,0.78688,0.82528,0.00100604,0.00100604,0.00100604
253,177.433,1.78541,0.92954,0.87945,0.79981,0.85205,0.88872,0.46215,1.65057,0.78688,0.82528,0.00100208,0.00100208,0.00100208
254,178.037,1.86196,0.8798,0.81613,0.79981,0.85205,0.88872,0.46215,1.65057,0.78688,0.82528,0.00099812,0.00099812,0.00099812
255,178.712,1.98391,0.92489,0.82907,0.79981,0.85205,0.88872,0.46215,1.65057,0.78688,0.82528,0.00099416,0.00099416,0.00099416
256,179.302,2.08274,0.97356,0.82647,0.77621,0.86301,0.88381,0.48535,1.59901,0.77394,0.82333,0.0009902,0.0009902,0.0009902
257,179.811,1.825,0.91672,0.84317,0.77621,0.86301,0.88381,0.48535,1.59901,0.77394,0.82333,0.00098624,0.00098624,0.00098624
258,180.39,1.91316,0.90661,0.83629,0.77621,0.86301,0.88381,0.48535,1.59901,0.77394,0.82333,0.00098228,0.00098228,0.00098228
259,181.11,1.79723,0.84916,0.828,0.77621,0.86301,0.88381,0.48535,1.59901,0.77394,0.82333,0.00097832,0.00097832,0.00097832
260,181.713,2.01846,0.93963,0.84331,0.75658,0.85308,0.86581,0.45889,1.68728,0.78966,0.83057,0.00097436,0.00097436,0.00097436
261,182.225,1.91485,0.87771,0.84774,0.75658,0.85308,0.86581,0.45889,1.68728,0.78966,0.83057,0.0009704,0.0009704,0.0009704
262,182.826,1.99526,0.92066,0.83678,0.75658,0.85308,0.86581,0.45889,1.68728,0.78966,0.83057,0.00096644,0.00096644,0.00096644
263,183.382,1.66767,0.77939,0.83482,0.75658,0.85308,0.86581,0.45889,1.68728,0.78966,0.83057,0.00096248,0.00096248,0.00096248
264,184.04,1.73448,0.83194,0.81395,0.76246,0.78673,0.83599,0.42032,1.79849,0.81925,0.84127,0.00095852,0.00095852,0.00095852
265,184.577,1.73971,0.83904,0.8306,0.76246,0.78673,0.83599,0.42032,1.79849,0.81925,0.84127,0.00095456,0.00095456,0.00095456
266,185.258,1.60887,0.77788,0.81304,0.76246,0.78673,0.83599,0.42032,1.79849,0.81925,0.84127,0.0009506,0.0009506,0.0009506
267,185.847,1.84138,0.85369,0.82396,0.76246,0.78673,0.83599,0.42032,1.79849,0.81925,0.84127,0.00094664,0.00094664,0.00094664
268,186.593,1.97033,0.88368,0.78629,0.75245,0.78511,0.82935,0.4087,1.8308,0.83269,0.84496,0.00094268,0.00094268,0.00094268
269,187.222,1.72833,0.80828,0.81793,0.75245,0.78511,0.82935,0.4087,1.8308,0.83269,0.84496,0.00093872,0.00093872,0.00093872
270,187.977,2.06491,0.96103,0.81903,0.75245,0.78511,0.82935,0.4087,1.8308,0.83269,0.84496,0.00093476,0.00093476,0.00093476
271,188.609,2.0766,0.998,0.86367,0.75245,0.78511,0.82935,0.4087,1.8308,0.83269,0.84496,0.0009308,0.0009308,0.0009308
272,189.228,1.90915,0.89646,0.8194,0.77316,0.81043,0.86723,0.44663,1.72102,0.80457,0.83787,0.00092684,0.00092684,0.00092684
273,190.106,1.99241,0.94169,0.82433,0.77316,0.81043,0.86723,0.44663,1.72102,0.80457,0.83787,0.00092288,0.00092288,0.00092288
274,190.745,1.79857,0.8296,0.82726,0.77316,0.81043,0.86723,0.44663,1.72102,0.80457,0.83787,0.00091892,0.00091892,0.00091892
275,191.463,1.96653,0.88722,0.8256,0.77316,0.81043,0.86723,0.44663,1.72102,0.80457,0.83787,0.00091496,0.00091496,0.00091496
276,192.103,2.03481,0.89886,0.83255,0.77626,0.83039,0.88747,0.46745,1.65169,0.77712,0.83359,0.000911,0.000911,0.000911
277,192.665,1.79711,0.83204,0.82542,0.77626,0.83039,0.88747,0.46745,1.65169,0.77712,0.83359,0.00090704,0.00090704,0.00090704
278,193.356,2.13633,0.91778,0.8054,0.77626,0.83039,0.88747,0.46745,1.65169,0.77712,0.83359,0.00090308,0.00090308,0.00090308
279,193.938,1.55122,0.80594,0.84624,0.77626,0.83039,0.88747,0.46745,1.65169,0.77712,0.83359,0.00089912,0.00089912,0.00089912
280,194.547,2.10239,0.9069,0.79102,0.8254,0.81991,0.89457,0.48314,1.64235,0.76468,0.82982,0.00089516,0.00089516,0.00089516
281,195.095,1.90259,0.84473,0.79755,0.8254,0.81991,0.89457,0.48314,1.64235,0.76468,0.82982,0.0008912,0.0008912,0.0008912
282,195.817,1.94329,0.93572,0.83813,0.8254,0.81991,0.89457,0.48314,1.64235,0.76468,0.82982,0.00088724,0.00088724,0.00088724
283,196.396,2.02169,0.93523,0.84443,0.8254,0.81991,0.89457,0.48314,1.64235,0.76468,0.82982,0.00088328,0.00088328,0.00088328
284,196.988,1.93721,0.88985,0.82462,0.80786,0.8436,0.89451,0.47513,1.65799,0.76201,0.82962,0.00087932,0.00087932,0.00087932
285,197.548,1.72709,0.79534,0.83791,0.80786,0.8436,0.89451,0.47513,1.65799,0.76201,0.82962,0.00087536,0.00087536,0.00087536
286,198.302,1.72444,0.80715,0.80623,0.80786,0.8436,0.89451,0.47513,1.65799,0.76201,0.82962,0.0008714,0.0008714,0.0008714
287,198.879,1.78857,0.847,0.81505,0.80786,0.8436,0.89451,0.47513,1.65799,0.76201,0.82962,0.00086744,0.00086744,0.00086744
288,199.453,1.70655,0.81746,0.83653,0.78294,0.81991,0.88538,0.46488,1.66749,0.7626,0.83281,0.00086348,0.00086348,0.00086348
289,200.157,1.6759,0.7852,0.81219,0.78294,0.81991,0.88538,0.46488,1.66749,0.7626,0.83281,0.00085952,0.00085952,0.00085952
290,200.751,1.80386,0.85973,0.82693,0.78294,0.81991,0.88538,0.46488,1.66749,0.7626,0.83281,0.00085556,0.00085556,0.00085556
291,201.377,1.7545,0.80745,0.81713,0.78294,0.81991,0.88538,0.46488,1.66749,0.7626,0.83281,0.0008516,0.0008516,0.0008516
292,201.974,1.90402,0.8969,0.868,0.76319,0.81715,0.86998,0.45247,1.70118,0.77152,0.83703,0.00084764,0.00084764,0.00084764
293,202.532,1.82764,0.86849,0.82801,0.76319,0.81715,0.86998,0.45247,1.70118,0.77152,0.83703,0.00084368,0.00084368,0.00084368
294,203.227,1.9789,0.94726,0.84387,0.76319,0.81715,0.86998,0.45247,1.70118,0.77152,0.83703,0.00083972,0.00083972,0.00083972
295,203.773,1.70765,0.81659,0.82339,0.76319,0.81715,0.86998,0.45247,1.70118,0.77152,0.83703,0.00083576,0.00083576,0.00083576
296,204.333,1.5063,0.72454,0.81003,0.75736,0.8136,0.85645,0.45313,1.68301,0.76497,0.83607,0.0008318,0.0008318,0.0008318
297,205.052,1.74354,0.81661,0.81501,0.75736,0.8136,0.85645,0.45313,1.68301,0.76497,0.83607,0.00082784,0.00082784,0.00082784
298,205.604,1.79695,0.80742,0.80479,0.75736,0.8136,0.85645,0.45313,1.68301,0.76497,0.83607,0.00082388,0.00082388,0.00082388
299,206.383,1.76426,0.86054,0.82181,0.75736,0.8136,0.85645,0.45313,1.68301,0.76497,0.83607,0.00081992,0.00081992,0.00081992
300,206.998,1.51561,0.72521,0.80411,0.7594,0.8436,0.87237,0.47434,1.66516,0.75485,0.83496,0.00081596,0.00081596,0.00081596
301,207.546,1.88967,0.85706,0.81377,0.7594,0.8436,0.87237,0.47434,1.66516,0.75485,0.83496,0.000812,0.000812,0.000812
302,208.239,1.78565,0.88503,0.83999,0.7594,0.8436,0.87237,0.47434,1.66516,0.75485,0.83496,0.00080804,0.00080804,0.00080804
303,208.822,1.5953,0.82472,0.83373,0.7594,0.8436,0.87237,0.47434,1.66516,0.75485,0.83496,0.00080408,0.00080408,0.00080408
304,209.523,1.80125,0.82709,0.81416,0.7925,0.8436,0.8876,0.48499,1.65058,0.7466,0.83122,0.00080012,0.00080012,0.00080012
305,210.111,1.83907,0.89563,0.83017,0.7925,0.8436,0.8876,0.48499,1.65058,0.7466,0.83122,0.00079616,0.00079616,0.00079616
306,210.722,1.66508,0.78504,0.81285,0.7925,0.8436,0.8876,0.48499,1.65058,0.7466,0.83122,0.0007922,0.0007922,0.0007922
307,211.258,1.60435,0.79575,0.82131,0.7925,0.8436,0.8876,0.48499,1.65058,0.7466,0.83122,0.00078824,0.00078824,0.00078824
308,211.896,1.88577,0.87194,0.81312,0.80072,0.82835,0.88467,0.46341,1.71091,0.76377,0.83496,0.00078428,0.00078428,0.00078428
309,212.655,1.92739,0.88669,0.82217,0.80072,0.82835,0.88467,0.46341,1.71091,0.76377,0.83496,0.00078032,0.00078032,0.00078032
310,213.255,2.07488,0.92589,0.82139,0.80072,0.82835,0.88467,0.46341,1.71091,0.76377,0.83496,0.00077636,0.00077636,0.00077636
311,213.81,1.69337,0.79987,0.82498,0.80072,0.82835,0.88467,0.46341,1.71091,0.76377,0.83496,0.0007724,0.0007724,0.0007724
312,214.405,1.53753,0.77548,0.83481,0.80003,0.86256,0.90158,0.47924,1.66166,0.7511,0.83102,0.00076844,0.00076844,0.00076844
313,214.926,1.6162,0.79311,0.81854,0.80003,0.86256,0.90158,0.47924,1.66166,0.7511,0.83102,0.00076448,0.00076448,0.00076448
314,215.482,1.71612,0.82057,0.83863,0.80003,0.86256,0.90158,0.47924,1.66166,0.7511,0.83102,0.00076052,0.00076052,0.00076052
315,216.11,1.73161,0.85982,0.82261,0.80003,0.86256,0.90158,0.47924,1.66166,0.7511,0.83102,0.00075656,0.00075656,0.00075656
316,216.657,1.51222,0.74088,0.82668,0.80646,0.8673,0.90375,0.50056,1.59672,0.75166,0.82825,0.0007526,0.0007526,0.0007526
317,217.203,1.8082,0.88246,0.82692,0.80646,0.8673,0.90375,0.50056,1.59672,0.75166,0.82825,0.00074864,0.00074864,0.00074864
318,217.764,1.79882,0.83172,0.81934,0.80646,0.8673,0.90375,0.50056,1.59672,0.75166,0.82825,0.00074468,0.00074468,0.00074468
319,218.344,1.78873,0.91076,0.86156,0.80646,0.8673,0.90375,0.50056,1.59672,0.75166,0.82825,0.00074072,0.00074072,0.00074072
320,219.012,1.64121,0.76565,0.81154,0.80696,0.85782,0.89862,0.49651,1.58344,0.74165,0.82713,0.00073676,0.00073676,0.00073676
321,219.821,1.61969,0.82584,0.85358,0.80696,0.85782,0.89862,0.49651,1.58344,0.74165,0.82713,0.0007328,0.0007328,0.0007328
322,220.685,1.7825,0.84086,0.85839,0.80696,0.85782,0.89862,0.49651,1.58344,0.74165,0.82713,0.00072884,0.00072884,0.00072884
323,221.292,1.8756,0.93286,0.85654,0.80696,0.85782,0.89862,0.49651,1.58344,0.74165,0.82713,0.00072488,0.00072488,0.00072488
324,221.884,1.71554,0.78983,0.80899,0.82171,0.83649,0.90595,0.48441,1.61826,0.74148,0.83043,0.00072092,0.00072092,0.00072092
325,222.592,1.73997,0.78041,0.79773,0.82171,0.83649,0.90595,0.48441,1.61826,0.74148,0.83043,0.00071696,0.00071696,0.00071696
326,223.166,1.98118,0.88476,0.80542,0.82171,0.83649,0.90595,0.48441,1.61826,0.74148,0.83043,0.000713,0.000713,0.000713
327,223.86,1.78716,0.79218,0.80251,0.82171,0.83649,0.90595,0.48441,1.61826,0.74148,0.83043,0.00070904,0.00070904,0.00070904
328,224.533,1.92293,0.88641,0.81045,0.81453,0.86019,0.90656,0.48594,1.63929,0.74228,0.83205,0.00070508,0.00070508,0.00070508
329,225.185,1.82429,0.8551,0.81085,0.81453,0.86019,0.90656,0.48594,1.63929,0.74228,0.83205,0.00070112,0.00070112,0.00070112
330,225.821,1.91717,0.8841,0.82693,0.81453,0.86019,0.90656,0.48594,1.63929,0.74228,0.83205,0.00069716,0.00069716,0.00069716
331,226.448,1.68642,0.78949,0.80231,0.81453,0.86019,0.90656,0.48594,1.63929,0.74228,0.83205,0.0006932,0.0006932,0.0006932
332,227.291,1.80158,0.81343,0.79996,0.81126,0.87204,0.9023,0.49911,1.63774,0.7321,0.83159,0.00068924,0.00068924,0.00068924
333,227.863,1.67152,0.76333,0.83544,0.81126,0.87204,0.9023,0.49911,1.63774,0.7321,0.83159,0.00068528,0.00068528,0.00068528
334,228.433,1.56934,0.71171,0.81931,0.81126,0.87204,0.9023,0.49911,1.63774,0.7321,0.83159,0.00068132,0.00068132,0.00068132
335,229.107,1.57861,0.7799,0.79785,0.81126,0.87204,0.9023,0.49911,1.63774,0.7321,0.83159,0.00067736,0.00067736,0.00067736
336,229.776,1.62762,0.77345,0.81257,0.81632,0.90521,0.91227,0.49659,1.63437,0.72081,0.83177,0.0006734,0.0006734,0.0006734
337,230.338,1.93532,0.87952,0.80173,0.81632,0.90521,0.91227,0.49659,1.63437,0.72081,0.83177,0.00066944,0.00066944,0.00066944
338,230.899,1.59469,0.73614,0.82207,0.81632,0.90521,0.91227,0.49659,1.63437,0.72081,0.83177,0.00066548,0.00066548,0.00066548
339,231.453,1.73081,0.77803,0.81979,0.81632,0.90521,0.91227,0.49659,1.63437,0.72081,0.83177,0.00066152,0.00066152,0.00066152
340,232.124,1.91547,0.84275,0.79673,0.81558,0.89573,0.9148,0.51032,1.60889,0.71403,0.83112,0.00065756,0.00065756,0.00065756
341,232.673,1.69881,0.74623,0.81076,0.81558,0.89573,0.9148,0.51032,1.60889,0.71403,0.83112,0.0006536,0.0006536,0.0006536
342,233.241,1.86775,0.82018,0.81865,0.81558,0.89573,0.9148,0.51032,1.60889,0.71403,0.83112,0.00064964,0.00064964,0.00064964
343,233.829,2.03549,0.93933,0.86243,0.81558,0.89573,0.9148,0.51032,1.60889,0.71403,0.83112,0.00064568,0.00064568,0.00064568
344,234.42,1.8755,0.829,0.82731,0.82215,0.8654,0.90639,0.49377,1.61231,0.7292,0.83281,0.00064172,0.00064172,0.00064172
345,235.33,1.58506,0.73369,0.82397,0.82215,0.8654,0.90639,0.49377,1.61231,0.7292,0.83281,0.00063776,0.00063776,0.00063776
346,235.975,1.8948,0.94644,0.84835,0.82215,0.8654,0.90639,0.49377,1.61231,0.7292,0.83281,0.0006338,0.0006338,0.0006338
347,236.719,1.69574,0.8133,0.80721,0.82215,0.8654,0.90639,0.49377,1.61231,0.7292,0.83281,0.00062984,0.00062984,0.00062984
348,237.389,1.84729,0.9045,0.85453,0.82512,0.81754,0.89459,0.45667,1.70146,0.75055,0.83842,0.00062588,0.00062588,0.00062588
349,237.926,1.83416,0.81587,0.81355,0.82512,0.81754,0.89459,0.45667,1.70146,0.75055,0.83842,0.00062192,0.00062192,0.00062192
350,238.485,1.80613,0.77328,0.82616,0.82512,0.81754,0.89459,0.45667,1.70146,0.75055,0.83842,0.00061796,0.00061796,0.00061796
351,239.191,2.03815,0.85896,0.79954,0.82512,0.81754,0.89459,0.45667,1.70146,0.75055,0.83842,0.000614,0.000614,0.000614
352,239.85,1.74152,0.86613,0.86866,0.83207,0.7654,0.88526,0.43396,1.75015,0.7674,0.84193,0.00061004,0.00061004,0.00061004
353,240.687,1.95696,0.90265,0.82075,0.83207,0.7654,0.88526,0.43396,1.75015,0.7674,0.84193,0.00060608,0.00060608,0.00060608
354,241.349,1.64194,0.77953,0.81787,0.83207,0.7654,0.88526,0.43396,1.75015,0.7674,0.84193,0.00060212,0.00060212,0.00060212
355,242.048,1.67133,0.77237,0.79935,0.83207,0.7654,0.88526,0.43396,1.75015,0.7674,0.84193,0.00059816,0.00059816,0.00059816
356,242.799,1.53802,0.72877,0.82811,0.80124,0.78329,0.8741,0.43453,1.73859,0.77215,0.84112,0.0005942,0.0005942,0.0005942
357,243.468,1.85111,0.84162,0.83028,0.80124,0.78329,0.8741,0.43453,1.73859,0.77215,0.84112,0.00059024,0.00059024,0.00059024
358,244.174,1.845,0.88533,0.85593,0.80124,0.78329,0.8741,0.43453,1.73859,0.77215,0.84112,0.00058628,0.00058628,0.00058628
359,244.826,1.8477,0.84871,0.82652,0.80124,0.78329,0.8741,0.43453,1.73859,0.77215,0.84112,0.00058232,0.00058232,0.00058232
360,245.484,1.56227,0.86047,0.86053,0.79741,0.8488,0.89413,0.4671,1.65471,0.73967,0.8357,0.00057836,0.00057836,0.00057836
361,246.169,1.78628,0.82782,0.81827,0.79741,0.8488,0.89413,0.4671,1.65471,0.73967,0.8357,0.0005744,0.0005744,0.0005744
362,246.795,1.67952,0.7966,0.85008,0.79741,0.8488,0.89413,0.4671,1.65471,0.73967,0.8357,0.00057044,0.00057044,0.00057044
363,247.492,1.85871,0.87342,0.84735,0.79741,0.8488,0.89413,0.4671,1.65471,0.73967,0.8357,0.00056648,0.00056648,0.00056648
364,248.154,1.68333,0.77419,0.82292,0.83688,0.86317,0.90965,0.4878,1.622,0.72151,0.83227,0.00056252,0.00056252,0.00056252
365,249.024,1.77068,0.863,0.83148,0.83688,0.86317,0.90965,0.4878,1.622,0.72151,0.83227,0.00055856,0.00055856,0.00055856
366,249.95,1.71204,0.77601,0.82388,0.83688,0.86317,0.90965,0.4878,1.622,0.72151,0.83227,0.0005546,0.0005546,0.0005546
367,250.783,1.58008,0.74021,0.81918,0.83688,0.86317,0.90965,0.4878,1.622,0.72151,0.83227,0.00055064,0.00055064,0.00055064
368,251.526,1.76188,0.81314,0.82867,0.81717,0.89336,0.91265,0.50367,1.58125,0.71395,0.82977,0.00054668,0.00054668,0.00054668
369,252.3,1.84196,0.85531,0.81422,0.81717,0.89336,0.91265,0.50367,1.58125,0.71395,0.82977,0.00054272,0.00054272,0.00054272
370,253.061,1.85705,0.8377,0.81797,0.81717,0.89336,0.91265,0.50367,1.58125,0.71395,0.82977,0.00053876,0.00053876,0.00053876
371,253.772,1.61029,0.76578,0.82895,0.81717,0.89336,0.91265,0.50367,1.58125,0.71395,0.82977,0.0005348,0.0005348,0.0005348
372,254.455,1.55906,0.76733,0.81952,0.78101,0.87204,0.8901,0.4873,1.62914,0.73804,0.8345,0.00053084,0.00053084,0.00053084
373,255.057,1.78557,0.83183,0.82133,0.78101,0.87204,0.8901,0.4873,1.62914,0.73804,0.8345,0.00052688,0.00052688,0.00052688
374,255.849,1.77451,0.81738,0.81025,0.78101,0.87204,0.8901,0.4873,1.62914,0.73804,0.8345,0.00052292,0.00052292,0.00052292
375,256.568,1.96929,0.91126,0.83492,0.78101,0.87204,0.8901,0.4873,1.62914,0.73804,0.8345,0.00051896,0.00051896,0.00051896
376,257.162,1.59349,0.76781,0.82215,0.83877,0.87528,0.91106,0.47796,1.67027,0.7694,0.8351,0.000515,0.000515,0.000515
377,257.787,1.81826,0.86286,0.84852,0.83877,0.87528,0.91106,0.47796,1.67027,0.7694,0.8351,0.00051104,0.00051104,0.00051104
378,258.386,1.65716,0.75273,0.8044,0.83877,0.87528,0.91106,0.47796,1.67027,0.7694,0.8351,0.00050708,0.00050708,0.00050708
379,259.018,1.7967,0.84016,0.82759,0.83877,0.87528,0.91106,0.47796,1.67027,0.7694,0.8351,0.00050312,0.00050312,0.00050312
380,259.591,1.78242,0.81453,0.81876,0.84503,0.87441,0.91188,0.46114,1.7206,0.77566,0.83645,0.00049916,0.00049916,0.00049916
381,260.151,1.7682,0.80349,0.82149,0.84503,0.87441,0.91188,0.46114,1.7206,0.77566,0.83645,0.0004952,0.0004952,0.0004952
382,260.749,1.56591,0.77032,0.81902,0.84503,0.87441,0.91188,0.46114,1.7206,0.77566,0.83645,0.00049124,0.00049124,0.00049124
383,261.33,1.72221,0.81042,0.83837,0.84503,0.87441,0.91188,0.46114,1.7206,0.77566,0.83645,0.00048728,0.00048728,0.00048728
384,261.991,1.56085,0.74549,0.81942,0.82691,0.90284,0.91689,0.46884,1.71323,0.75564,0.83549,0.00048332,0.00048332,0.00048332
385,262.526,1.81952,0.81201,0.80267,0.82691,0.90284,0.91689,0.46884,1.71323,0.75564,0.83549,0.00047936,0.00047936,0.00047936
386,263.071,1.69032,0.76002,0.79593,0.82691,0.90284,0.91689,0.46884,1.71323,0.75564,0.83549,0.0004754,0.0004754,0.0004754
387,263.703,1.56462,0.77188,0.83336,0.82691,0.90284,0.91689,0.46884,1.71323,0.75564,0.83549,0.00047144,0.00047144,0.00047144
388,264.818,1.91278,0.86341,0.81082,0.82331,0.90047,0.91763,0.48569,1.6489,0.72889,0.8316,0.00046748,0.00046748,0.00046748
389,265.764,1.88855,0.89861,0.87199,0.82331,0.90047,0.91763,0.48569,1.6489,0.72889,0.8316,0.00046352,0.00046352,0.00046352
390,266.472,1.51723,0.75307,0.79757,0.82331,0.90047,0.91763,0.48569,1.6489,0.72889,0.8316,0.00045956,0.00045956,0.00045956
391,267.181,1.50124,0.73258,0.84094,0.82331,0.90047,0.91763,0.48569,1.6489,0.72889,0.8316,0.0004556,0.0004556,0.0004556
392,267.836,1.65159,0.7731,0.80663,0.81256,0.84597,0.89403,0.46391,1.68304,0.73702,0.83581,0.00045164,0.00045164,0.00045164
393,268.543,1.7444,0.85718,0.87236,0.81256,0.84597,0.89403,0.46391,1.68304,0.73702,0.83581,0.00044768,0.00044768,0.00044768
394,269.148,1.62759,0.74854,0.83157,0.81256,0.84597,0.89403,0.46391,1.68304,0.73702,0.83581,0.00044372,0.00044372,0.00044372
395,269.778,1.70327,0.78937,0.81935,0.81256,0.84597,0.89403,0.46391,1.68304,0.73702,0.83581,0.00043976,0.00043976,0.00043976
396,270.417,1.94697,0.9428,0.82501,0.77178,0.79334,0.84634,0.42787,1.75836,0.76472,0.84283,0.0004358,0.0004358,0.0004358
397,271.292,1.89342,0.83277,0.79128,0.77178,0.79334,0.84634,0.42787,1.75836,0.76472,0.84283,0.00043184,0.00043184,0.00043184
398,272.026,1.84351,0.86258,0.83111,0.77178,0.79334,0.84634,0.42787,1.75836,0.76472,0.84283,0.00042788,0.00042788,0.00042788
399,272.641,1.8908,0.87415,0.82079,0.77178,0.79334,0.84634,0.42787,1.75836,0.76472,0.84283,0.00042392,0.00042392,0.00042392
400,273.28,1.66481,0.75787,0.82155,0.77128,0.79112,0.84786,0.43517,1.74797,0.76659,0.84227,0.00041996,0.00041996,0.00041996
401,273.876,1.50914,0.74076,0.81998,0.77128,0.79112,0.84786,0.43517,1.74797,0.76659,0.84227,0.000416,0.000416,0.000416
402,274.542,1.5556,0.7554,0.83163,0.77128,0.79112,0.84786,0.43517,1.74797,0.76659,0.84227,0.00041204,0.00041204,0.00041204
403,275.143,1.65426,0.77809,0.79431,0.77128,0.79112,0.84786,0.43517,1.74797,0.76659,0.84227,0.00040808,0.00040808,0.00040808
404,275.792,1.74799,0.8243,0.82935,0.84135,0.80095,0.87936,0.44908,1.71606,0.75416,0.83976,0.00040412,0.00040412,0.00040412
405,276.426,1.71861,0.83391,0.83681,0.84135,0.80095,0.87936,0.44908,1.71606,0.75416,0.83976,0.00040016,0.00040016,0.00040016
406,277.064,1.39575,0.74568,0.84099,0.84135,0.80095,0.87936,0.44908,1.71606,0.75416,0.83976,0.0003962,0.0003962,0.0003962
407,277.784,1.59896,0.728,0.82642,0.84135,0.80095,0.87936,0.44908,1.71606,0.75416,0.83976,0.00039224,0.00039224,0.00039224
408,278.419,1.53071,0.70725,0.82512,0.85402,0.8128,0.90243,0.4421,1.72119,0.74949,0.83789,0.00038828,0.00038828,0.00038828
409,279.01,1.79531,0.83051,0.81117,0.85402,0.8128,0.90243,0.4421,1.72119,0.74949,0.83789,0.00038432,0.00038432,0.00038432
410,279.947,1.78274,0.81047,0.80945,0.85402,0.8128,0.90243,0.4421,1.72119,0.74949,0.83789,0.00038036,0.00038036,0.00038036
411,280.813,1.71124,0.83332,0.85149,0.85402,0.8128,0.90243,0.4421,1.72119,0.74949,0.83789,0.0003764,0.0003764,0.0003764
412,281.647,1.81135,0.79895,0.8252,0.80304,0.84834,0.8916,0.44294,1.71407,0.7482,0.83665,0.00037244,0.00037244,0.00037244
413,282.272,1.73446,0.81641,0.82,0.80304,0.84834,0.8916,0.44294,1.71407,0.7482,0.83665,0.00036848,0.00036848,0.00036848
414,282.902,1.6441,0.81331,0.85128,0.80304,0.84834,0.8916,0.44294,1.71407,0.7482,0.83665,0.00036452,0.00036452,0.00036452
415,283.529,1.84253,0.87424,0.82738,0.80304,0.84834,0.8916,0.44294,1.71407,0.7482,0.83665,0.00036056,0.00036056,0.00036056
416,284.192,1.52382,0.74784,0.8198,0.81808,0.85247,0.90013,0.45946,1.69372,0.74311,0.83443,0.0003566,0.0003566,0.0003566
417,284.931,1.70592,0.773,0.79714,0.81808,0.85247,0.90013,0.45946,1.69372,0.74311,0.83443,0.00035264,0.00035264,0.00035264
418,285.53,1.83465,0.93763,0.89811,0.81808,0.85247,0.90013,0.45946,1.69372,0.74311,0.83443,0.00034868,0.00034868,0.00034868
419,286.14,1.82579,0.84338,0.81144,0.81808,0.85247,0.90013,0.45946,1.69372,0.74311,0.83443,0.00034472,0.00034472,0.00034472
420,286.8,1.78223,0.83723,0.84348,0.80528,0.83175,0.88952,0.45784,1.70424,0.74482,0.83485,0.00034076,0.00034076,0.00034076
421,287.532,1.4524,0.67967,0.82437,0.80528,0.83175,0.88952,0.45784,1.70424,0.74482,0.83485,0.0003368,0.0003368,0.0003368
422,288.208,1.71752,0.79443,0.8087,0.80528,0.83175,0.88952,0.45784,1.70424,0.74482,0.83485,0.00033284,0.00033284,0.00033284
423,288.947,1.85996,0.87799,0.81307,0.80528,0.83175,0.88952,0.45784,1.70424,0.74482,0.83485,0.00032888,0.00032888,0.00032888
424,289.621,1.42294,0.74223,0.81866,0.81103,0.85429,0.88211,0.44834,1.73649,0.75656,0.83619,0.00032492,0.00032492,0.00032492
425,290.26,1.48739,0.67896,0.81135,0.81103,0.85429,0.88211,0.44834,1.73649,0.75656,0.83619,0.00032096,0.00032096,0.00032096
426,290.979,1.57654,0.7508,0.83405,0.81103,0.85429,0.88211,0.44834,1.73649,0.75656,0.83619,0.000317,0.000317,0.000317
427,291.683,1.77662,0.81844,0.8459,0.81103,0.85429,0.88211,0.44834,1.73649,0.75656,0.83619,0.00031304,0.00031304,0.00031304
428,292.451,1.57987,0.73065,0.8339,0.79265,0.84246,0.8658,0.43979,1.74989,0.76521,0.83683,0.00030908,0.00030908,0.00030908
429,293.098,1.63349,0.75315,0.79988,0.79265,0.84246,0.8658,0.43979,1.74989,0.76521,0.83683,0.00030512,0.00030512,0.00030512
430,293.712,1.68408,0.753,0.79623,0.79265,0.84246,0.8658,0.43979,1.74989,0.76521,0.83683,0.00030116,0.00030116,0.00030116
431,294.412,1.60658,0.74778,0.80194,0.79265,0.84246,0.8658,0.43979,1.74989,0.76521,0.83683,0.0002972,0.0002972,0.0002972
432,295.473,1.67095,0.79222,0.81634,0.82003,0.82701,0.86835,0.44085,1.75076,0.76294,0.83709,0.00029324,0.00029324,0.00029324
433,296.31,1.55906,0.71234,0.8087,0.82003,0.82701,0.86835,0.44085,1.75076,0.76294,0.83709,0.00028928,0.00028928,0.00028928
434,296.989,1.65586,0.75016,0.81706,0.82003,0.82701,0.86835,0.44085,1.75076,0.76294,0.83709,0.00028532,0.00028532,0.00028532
435,297.771,1.51323,0.69819,0.82449,0.82003,0.82701,0.86835,0.44085,1.75076,0.76294,0.83709,0.00028136,0.00028136,0.00028136
436,298.53,1.74634,0.81799,0.83071,0.83566,0.81937,0.87513,0.44037,1.75893,0.76076,0.83661,0.0002774,0.0002774,0.0002774
437,299.226,1.42382,0.69283,0.80225,0.83566,0.81937,0.87513,0.44037,1.75893,0.76076,0.83661,0.00027344,0.00027344,0.00027344
438,299.978,1.48232,0.69726,0.82611,0.83566,0.81937,0.87513,0.44037,1.75893,0.76076,0.83661,0.00026948,0.00026948,0.00026948
439,300.698,1.61505,0.71969,0.79978,0.83566,0.81937,0.87513,0.44037,1.75893,0.76076,0.83661,0.00026552,0.00026552,0.00026552
440,301.483,1.65137,0.76057,0.79672,0.82685,0.80332,0.87297,0.42662,1.78255,0.76373,0.83873,0.00026156,0.00026156,0.00026156
